{
	"Sources/Methods/TD_001.4dm": {
		"left": 268,
		"top": 202,
		"width": 1000,
		"height": 488
	},
	"Sources/Methods/TD_002.4dm": {
		"left": 268,
		"top": 202,
		"width": 1000,
		"height": 488
	},
	"Sources/Methods/TD_003.4dm": {
		"left": 268,
		"top": 202,
		"width": 1000,
		"height": 488
	},
	"Sources/Methods/TD_003_2.4dm": {
		"left": 268,
		"top": 202,
		"width": 1000,
		"height": 488
	},
	"Sources/Methods/TD_003_3.4dm": {
		"left": 268,
		"top": 202,
		"width": 1000,
		"height": 488
	},
	"Sources/Methods/TD_004.4dm": {
		"left": 268,
		"top": 202,
		"width": 1000,
		"height": 488
	}
}