{
	"Sources/Methods/TD_001.4dm": {
		"startSelection": 18,
		"endSelection": 18,
		"firstSelectedLine": 6,
		"lastSelectedLine": 6,
		"folding": [],
		"bookmarks": [],
		"stamp": "2022-10-07T12:34:16.280Z"
	},
	"Sources/Methods/TD_002.4dm": {
		"startSelection": 0,
		"endSelection": 0,
		"firstSelectedLine": 6,
		"lastSelectedLine": 6,
		"folding": [],
		"bookmarks": [],
		"stamp": "2022-10-07T12:38:11.716Z"
	},
	"Sources/Methods/TD_003.4dm": {
		"startSelection": 35,
		"endSelection": 35,
		"firstSelectedLine": 5,
		"lastSelectedLine": 5,
		"folding": [],
		"bookmarks": [],
		"stamp": "2022-10-07T13:09:48.363Z"
	},
	"Sources/Methods/TD_003_2.4dm": {
		"startSelection": 21,
		"endSelection": 21,
		"firstSelectedLine": 12,
		"lastSelectedLine": 12,
		"folding": [],
		"bookmarks": [],
		"stamp": "2022-10-07T12:53:49.617Z"
	},
	"Sources/Methods/TD_003_3.4dm": {
		"startSelection": 7,
		"endSelection": 7,
		"firstSelectedLine": 38,
		"lastSelectedLine": 38,
		"folding": [],
		"bookmarks": [],
		"stamp": "2022-10-07T13:18:40.645Z"
	},
	"Sources/Methods/TD_004.4dm": {
		"startSelection": 0,
		"endSelection": 0,
		"firstSelectedLine": 3,
		"lastSelectedLine": 3,
		"folding": [],
		"bookmarks": [],
		"stamp": "2022-10-07T13:31:25.351Z"
	}
}